"wkn_514000";"wkn_515100";"wkn_519000";"wkn_543900";"wkn_555200";"wkn_555750";"wkn_575200";"wkn_500340"
64.0;21.45;35.15;39.27;17.38;14.04;22.67;24.2875
64.15;21.78;35.7;39.5;17.08;14.18;23.35;24.625
64.0;21.75;35.4;39.7;17.33;14.36;23.37;24.65
65.5;22.24;36.3;39.85;17.35;14.6;23.69;24.975
65.01;22.29;36.35;39.8;17.55;14.58;23.7;24.875
64.65;22.025;36.35;39.65;17.72;14.45;23.7;24.55
63.9;21.9;36.15;38.75;17.73;14.35;23.6;24.6875
63.1;21.935;35.7;38.5;17.78;14.27;23.45;24.675
62.85;21.975;35.83;38.32;17.68;14.35;23.36;24.625
62.1;21.675;35.3;38.0;17.48;14.23;23.05;24.65
61.35;21.925;35.65;37.9;17.29;14.34;22.93;24.4125
61.5;22.025;35.9;37.9;17.0;14.18;22.98;24.425
61.0;21.95;35.7;36.9;16.78;14.1;22.85;24.55
60.5;21.9;35.45;36.5;16.74;13.99;22.61;24.55
60.4;21.95;35.9;36.9;16.82;14.07;22.62;24.725
60.0;22.0;35.6;37.45;16.65;14.13;22.52;24.725
58.58;21.95;35.65;37.0;16.5;14.05;22.35;24.6
57.7;21.935;35.45;37.55;16.47;13.96;22.21;24.5
57.35;21.775;35.25;37.65;16.3;13.66;21.85;24.325
58.6;21.825;35.3;38.15;16.5;13.72;22.2;24.425
59.3;21.95;35.6;38.5;16.78;13.65;22.2;24.225
58.05;21.575;35.35;37.9;16.54;13.45;21.8;23.825
58.0;21.55;35.55;37.8;16.5;13.42;21.58;23.65
58.1;21.275;35.15;38.15;16.46;13.2;21.3;23.4625
59.0;21.6;35.8;38.55;16.52;13.48;21.48;24.025
57.75;21.625;36.65;39.0;16.36;13.6;21.21;24.125
59.15;22.095;37.2;40.05;16.76;13.97;21.94;24.55
57.52;22.1;36.9;39.2;16.68;13.9;22.08;24.65
57.0;22.035;36.9;40.0;16.51;13.79;21.98;24.6
56.69;22.225;36.9;41.75;16.54;13.92;22.0;24.875
55.8;22.315;35.65;41.65;16.12;13.8;21.93;26.25
55.0;22.45;35.01;41.1;16.12;13.69;21.63;26.6
53.85;21.95;33.9;40.95;15.75;13.36;21.24;26.225
53.3;21.825;33.6;40.45;15.55;13.25;21.06;26.25
54.75;21.85;33.92;41.3;15.69;13.45;20.97;26.7125
54.05;21.6;33.6;40.9;15.49;13.32;20.62;26.5
53.4;21.5;33.2;41.4;15.21;13.36;20.1;25.625
52.7;21.25;33.15;41.0;15.4;13.6;19.85;25.625
54.5;21.5;33.7;41.6;15.55;13.79;20.2;26.3625
55.15;21.575;33.7;41.55;15.53;13.91;20.17;26.625
55.41;21.725;33.61;41.3;15.8;14.08;20.42;26.5625
55.6;21.675;33.5;41.15;15.76;14.09;20.66;26.5
56.05;21.85;33.4;40.7;15.79;14.09;20.86;26.3
56.45;21.95;33.9;41.76;16.12;14.34;21.05;26.475
56.3;21.975;34.35;41.15;16.3;14.45;21.12;26.275
56.8;22.3;34.4;41.9;16.26;14.62;21.25;26.35
56.55;22.315;34.55;42.7;16.36;14.64;21.3;26.25
57.15;22.575;34.64;42.7;16.55;14.69;21.65;26.7
56.55;22.425;34.3;42.35;16.53;14.58;21.48;26.5
55.9;22.255;34.0;42.6;16.35;14.35;21.05;26.3875
56.8;22.4;34.25;43.1;16.53;14.15;20.82;26.575
57.22;22.425;34.53;43.75;16.55;14.35;20.93;26.3625
57.9;22.775;34.6;44.2;16.73;14.44;21.09;26.2925
58.5;22.835;34.75;44.35;16.74;14.56;21.35;26.95
58.17;22.85;35.0;44.55;16.87;14.63;21.38;27.1625
57.55;22.725;34.88;43.95;16.73;14.45;21.1;27.25
57.0;22.71;34.55;44.3;16.64;14.41;21.0;26.925
56.8;22.65;34.5;44.35;16.7;14.38;21.06;26.945
57.68;22.99;35.35;44.7;16.95;14.63;21.83;27.625
59.0;23.05;35.37;45.5;16.87;14.57;21.95;27.5375
59.55;23.05;34.75;45.0;16.86;14.41;21.77;27.175
59.6;23.05;35.14;44.93;17.08;14.43;21.71;27.425
59.6;23.375;35.2;45.5;17.04;14.63;21.94;27.75
59.5;23.35;35.15;45.45;16.98;14.61;21.69;27.9
60.6;23.325;34.85;46.28;16.91;14.82;22.1;28.15
59.35;23.07;34.16;46.65;16.75;14.84;21.9;28.45
58.6;22.8;33.55;45.75;16.5;14.82;21.79;28.55
59.1;22.95;33.9;45.05;16.5;14.89;21.9;28.55
58.3;22.84;33.7;44.4;16.4;14.79;21.74;28.3375
58.0;23.1;33.54;44.25;16.46;14.9;21.99;28.325
58.27;23.85;33.8;44.2;15.8;15.04;22.27;28.325
57.75;23.65;33.15;43.7;15.61;14.9;22.0;28.05
59.6;24.315;34.3;44.7;16.05;15.52;22.72;28.725
60.29;24.3;34.75;45.42;16.1;15.59;22.9;29.225
61.0;24.3;34.78;45.15;16.14;15.31;23.22;29.275
61.05;24.4;34.75;44.15;16.15;15.39;23.19;28.75
60.8;24.4;35.0;42.55;16.23;15.36;23.0;29.0125
60.5;24.15;34.35;42.75;16.17;15.24;22.82;28.945
60.7;24.075;34.35;43.0;16.18;15.02;22.58;29.2
60.0;23.65;33.55;42.25;15.94;14.94;22.38;29.225
59.91;23.4;33.46;41.9;15.95;14.81;22.3;28.55
59.55;23.345;33.65;41.02;15.78;14.85;22.1;28.575
60.05;23.945;34.05;42.5;15.9;14.99;22.24;28.575
59.6;23.95;33.9;42.65;15.82;15.0;22.22;28.425
59.3;24.2;33.96;42.45;15.72;14.92;22.33;28.45
58.5;24.05;33.7;42.2;15.72;14.9;22.15;28.425
58.1;24.075;33.35;42.0;15.66;14.83;22.12;27.95
58.0;24.49;33.15;42.0;15.37;14.78;22.35;27.85
57.2;23.89;32.5;41.5;15.15;14.62;21.83;27.4375
57.7;24.0;32.99;42.46;15.12;14.6;21.75;27.625
59.01;24.425;33.35;42.95;15.18;14.82;22.01;28.35
59.6;24.4;33.7;43.45;15.2;14.94;22.31;27.875
59.8;24.525;33.24;42.8;15.33;15.04;22.25;27.375
60.0;24.8;33.6;43.5;15.62;15.1;22.45;28.0
61.15;24.94;33.93;43.84;15.57;15.25;22.85;28.5125
61.4;24.75;33.05;43.05;15.22;15.24;22.89;27.955
61.46;24.995;32.82;43.59;15.5;15.31;23.15;27.625
62.6;25.075;32.45;43.9;15.66;15.32;23.25;27.725
62.72;25.02;32.7;44.1;15.66;15.2;23.21;27.625
63.15;25.185;32.7;44.05;15.67;15.06;23.2;27.85
63.4;25.575;32.92;44.2;15.96;15.05;23.3;28.25
63.75;25.165;33.35;44.4;16.06;15.73;23.95;28.7625
63.75;25.0;33.05;44.0;16.15;15.8;24.02;28.7375
63.55;24.975;32.9;43.8;16.29;15.92;24.05;29.075
63.8;24.825;32.5;43.48;16.26;15.87;23.88;29.35
64.65;25.3;32.55;44.47;15.99;16.16;24.28;29.7375
64.1;25.46;32.35;44.45;15.85;16.12;24.41;30.2125
63.4;25.415;32.45;43.75;15.73;15.96;24.05;29.525
63.55;25.375;32.25;43.8;15.85;15.99;24.0;29.5625
63.3;25.25;32.0;44.18;15.78;15.69;23.71;29.425
64.5;25.275;31.89;44.6;15.78;15.76;23.75;29.4625
64.55;25.625;31.98;45.1;15.8;15.94;24.25;29.75
64.4;25.575;31.85;45.25;15.72;15.89;24.15;29.77
64.45;25.525;32.17;46.12;15.79;15.94;24.12;29.6625
63.75;25.4;31.9;45.95;15.9;15.96;23.87;29.5
65.18;25.975;32.1;46.6;15.99;16.3;24.48;29.8125
65.4;25.85;32.35;46.68;16.13;16.37;24.52;29.875
65.3;25.775;32.02;46.3;16.24;16.29;24.36;30.05
65.37;26.2;32.08;46.3;16.18;16.33;24.65;30.045
65.11;26.135;31.96;45.85;16.33;16.39;24.37;29.9125
65.5;25.66;33.0;45.78;16.27;16.46;24.6;29.8375
64.5;25.64;32.8;45.69;16.26;16.3;24.42;29.48
64.92;25.75;32.7;45.45;16.29;16.27;24.42;29.35
65.5;26.05;32.83;46.47;16.38;16.43;24.82;29.9625
65.35;25.85;32.97;46.79;16.28;16.34;25.12;30.2
65.4;25.75;32.83;46.61;16.41;16.32;25.35;29.9625
65.4;25.865;32.82;46.7;16.62;16.44;25.39;30.2125
64.5;25.44;32.38;46.5;16.61;16.33;24.84;30.075
64.1;25.875;32.65;46.57;16.67;16.45;25.17;29.6625
64.05;26.05;32.9;46.54;16.85;16.41;25.21;29.9
64.1;25.8;33.32;46.38;16.74;16.45;25.2;29.825
64.45;26.11;33.27;47.2;16.76;16.53;25.23;29.875
64.45;26.11;33.27;47.2;16.76;16.53;25.23;29.875
64.6;26.3;33.26;46.68;16.72;16.55;25.02;29.7
65.15;26.4;33.26;47.0;16.77;16.63;24.97;29.6625
65.15;26.35;33.2;46.43;16.8;16.57;24.85;29.625
65.3;26.46;33.15;46.75;16.86;16.64;24.9;29.79
65.3;26.46;33.15;46.75;16.86;16.64;24.9;29.79
65.8;26.66;33.75;47.72;17.26;16.71;25.17;30.25
65.4;26.525;34.39;48.27;17.07;16.79;24.61;30.075
64.95;26.375;34.65;48.0;17.06;16.75;24.18;29.75
66.6;26.3;34.7;48.5;17.03;16.74;24.06;29.875
66.9;26.45;34.57;48.25;17.12;16.77;24.03;29.6875
67.25;26.275;34.48;48.42;17.05;16.53;24.17;29.6875
66.05;25.775;33.9;48.43;16.84;16.23;23.81;29.3
65.15;25.7;33.85;49.09;16.63;16.04;23.55;28.84
65.1;25.85;33.55;48.8;16.71;16.18;23.58;28.8225
66.65;26.075;33.8;49.52;16.88;16.11;23.85;28.675
67.0;26.1;33.67;49.6;16.83;16.09;24.46;29.125
67.2;26.275;33.5;50.39;16.73;16.09;24.6;29.18
66.35;26.475;33.0;51.0;17.14;16.24;24.45;29.1875
65.05;26.06;32.68;51.2;17.03;16.2;24.23;28.9775
64.9;25.9;32.45;51.44;17.26;16.17;24.92;29.07
64.6;25.9;32.55;51.95;17.25;16.13;24.95;29.2425
64.6;25.875;32.98;52.55;17.38;16.18;24.98;29.4925
64.01;25.75;32.25;52.48;17.15;16.53;24.95;29.27
64.1;26.075;32.2;51.82;17.33;16.35;24.77;28.525
64.2;25.845;32.04;51.45;17.38;16.32;24.9;28.6375
65.1;26.2;32.33;53.23;17.77;16.59;24.47;28.6625
66.05;26.5;32.83;53.93;17.82;16.56;24.74;28.875
66.05;26.565;32.57;53.94;17.73;16.45;24.51;28.775
66.83;26.485;32.68;53.98;17.73;16.42;24.4;28.875
68.55;26.9;32.84;55.85;17.91;16.54;24.98;28.975
68.05;27.0;33.21;57.23;17.98;16.59;25.37;29.095
68.36;27.35;33.2;56.32;18.02;16.61;25.4;29.2
67.61;27.5;33.0;55.7;18.0;16.42;25.58;28.5525
67.4;27.5;33.3;55.08;18.05;16.39;26.13;28.0525
67.75;27.81;33.2;56.1;18.11;16.36;26.4;28.15
67.7;27.9;32.97;56.25;18.04;16.3;26.5;28.25
68.05;28.205;32.96;55.79;17.96;16.28;26.28;28.3375
67.65;28.0;32.62;55.83;18.01;16.24;25.95;28.47
67.51;28.175;32.8;56.32;17.87;16.1;26.4;28.65
66.65;28.35;32.63;56.63;17.9;16.0;26.8;28.7125
66.75;28.35;32.72;57.0;18.02;15.92;26.73;28.6875
65.93;27.95;32.25;55.83;17.99;15.71;26.27;28.375
66.25;27.95;32.17;55.1;17.79;15.77;25.95;28.1
66.25;27.925;32.09;55.54;17.71;15.74;26.33;28.125
67.16;28.21;32.4;56.65;17.96;15.97;26.61;28.1
66.17;28.155;32.28;55.81;18.12;15.75;26.3;28.275
66.77;28.375;32.5;58.23;18.36;15.89;26.51;28.2
67.1;28.2;32.92;57.95;18.54;15.98;26.85;28.41
67.29;28.225;33.15;57.94;18.42;15.82;26.43;28.5
68.64;28.825;33.05;59.91;18.52;15.9;26.58;28.375
68.36;29.225;33.05;60.88;18.47;15.83;26.72;28.05
68.23;28.685;33.32;59.78;18.33;15.82;26.43;28.1
67.91;28.385;32.92;60.45;18.27;15.7;25.83;29.95
68.55;28.25;34.15;60.08;18.2;15.46;26.07;30.0
68.95;28.015;34.65;59.15;18.0;15.36;26.35;30.17
68.85;27.885;34.58;59.39;18.02;15.35;26.15;30.33
69.11;28.11;34.53;58.55;17.97;15.43;25.65;30.125
67.4;27.7;34.25;57.5;18.02;15.26;25.33;29.6775
67.18;27.51;34.02;57.3;17.94;15.36;25.63;29.925
67.15;27.25;34.35;57.55;18.0;15.36;25.65;29.825
67.01;27.325;34.8;58.21;18.18;15.35;25.55;29.85
67.3;27.605;35.33;57.78;18.74;15.44;25.71;30.0875
66.35;27.665;35.5;57.68;18.91;15.35;25.4;30.175
66.99;27.475;35.45;57.4;18.78;15.52;25.62;30.325
66.99;27.475;35.45;57.4;18.78;15.52;25.62;30.325
66.99;27.475;35.45;57.4;18.78;15.52;25.62;30.325
67.12;27.5;35.3;57.05;18.8;15.51;25.4;30.09
67.09;27.225;35.35;56.9;18.62;15.56;25.6;30.4
66.55;27.325;34.99;59.7;18.78;15.41;25.5;30.64
67.32;27.59;35.1;62.58;18.64;15.39;25.76;30.825
66.91;27.5;34.96;63.55;18.62;15.37;25.64;30.65
67.15;27.81;35.22;63.3;18.72;15.41;25.78;31.025
67.21;28.14;35.1;63.8;18.98;15.37;26.15;31.2875
67.45;28.165;35.15;63.95;19.43;15.38;26.4;31.335
67.7;28.025;34.8;63.85;19.32;15.47;26.4;31.15
67.81;27.875;34.88;63.9;19.56;15.43;26.45;31.3
66.89;27.515;34.7;62.6;19.3;15.36;26.33;31.125
67.7;27.025;34.68;62.55;19.68;15.49;26.45;30.9125
68.09;26.475;34.67;62.29;19.45;15.63;25.87;31.04
66.19;25.86;33.8;60.95;18.99;15.46;25.6;30.6
64.89;25.6;33.2;60.3;18.74;15.3;25.02;29.825
63.96;26.1;33.35;59.55;18.74;15.29;25.14;29.63
63.37;25.75;33.2;59.36;18.65;15.03;24.82;29.625
63.82;25.92;33.18;59.45;18.86;15.35;24.86;29.775
63.65;26.06;33.1;59.4;18.97;15.35;24.83;29.925
64.35;26.335;33.21;59.25;19.12;15.41;24.95;30.405
64.35;26.26;32.95;58.1;18.74;15.29;25.15;30.1125
64.14;26.035;32.65;57.2;18.29;14.65;24.92;30.15
64.59;25.66;32.3;57.18;17.98;14.48;24.85;29.95
63.35;25.025;32.72;57.1;18.15;14.5;25.47;30.1175
63.35;25.45;33.05;58.2;18.28;14.55;25.4;32.15
63.19;25.775;33.1;59.15;18.1;14.58;25.55;32.6375
63.99;25.85;33.38;55.65;18.4;14.68;25.59;32.4875
64.19;25.855;33.3;56.05;18.32;14.76;25.56;32.7975
64.49;26.25;33.6;55.55;18.37;14.79;26.0;32.25
64.04;26.215;33.6;55.0;18.26;14.82;26.37;32.345
62.14;26.065;33.48;54.95;18.2;14.64;26.2;32.125
62.55;26.0;33.55;55.6;18.17;14.57;26.34;31.7475
62.3;26.0;34.1;56.32;18.14;14.52;26.56;31.9875
61.59;25.615;33.78;55.8;18.36;14.71;26.21;32.075
61.81;25.555;33.8;55.85;18.71;14.7;26.0;32.075
61.88;25.4;33.85;55.9;18.71;14.54;25.88;31.85
62.71;26.215;34.4;57.17;19.11;14.71;26.63;32.545
61.51;26.285;34.4;57.35;18.73;14.66;26.85;33.25
61.8;26.44;34.68;57.15;18.86;14.81;27.25;33.55
62.4;26.535;34.8;58.15;18.86;15.14;27.26;34.095
61.83;26.69;34.7;57.32;18.82;15.16;27.25;33.5925
61.66;26.725;34.52;57.95;19.21;15.11;27.13;33.575
62.1;26.81;34.8;58.25;19.4;15.19;27.21;33.75
62.55;26.8;34.93;57.88;19.29;15.13;27.23;33.55
63.66;27.08;35.1;58.0;19.3;15.18;27.3;33.7775
63.27;27.0;35.2;57.65;19.08;15.1;27.3;33.85
64.31;27.525;35.99;58.2;19.37;15.17;27.98;34.25
64.53;27.775;36.53;58.3;19.07;15.15;27.89;34.025
63.55;27.445;36.1;58.86;19.24;15.03;27.77;33.785
63.61;27.6;36.35;58.5;19.37;14.85;27.83;33.5925
64.3;27.89;36.9;57.58;19.61;14.98;28.1;33.9
63.9;27.875;36.87;58.0;19.5;14.9;27.95;33.785
64.61;27.85;36.75;57.8;19.56;14.87;28.38;34.375
64.8;28.065;36.95;57.68;19.4;14.94;28.49;34.825
64.9;28.19;37.25;57.9;19.12;14.87;28.46;35.1475
64.84;28.215;37.2;57.22;19.05;14.9;28.38;35.025
64.44;28.0;36.4;57.0;18.91;14.79;28.03;34.8525
64.69;28.215;36.62;57.25;19.13;14.86;28.19;35.0
65.1;28.4;36.62;57.32;19.25;14.95;28.05;35.0
64.76;28.115;36.33;58.42;19.18;14.91;28.22;35.1625
64.85;28.125;36.95;60.4;19.43;14.85;28.5;35.475
65.1;28.01;37.4;61.27;19.61;14.75;28.47;35.825
64.89;28.0;37.45;59.85;19.44;14.64;28.4;35.625
63.85;27.415;36.7;59.1;19.25;14.71;27.7;35.0625
63.16;27.29;36.51;58.55;19.0;14.68;27.35;34.575
63.69;27.91;37.2;59.8;19.22;14.87;27.74;35.0875
64.32;27.585;37.45;60.72;19.33;15.09;27.75;34.9
64.68;27.5;37.85;59.6;19.3;15.3;27.62;34.7
65.22;27.82;38.03;59.82;19.3;15.4;27.81;35.51
65.42;27.775;38.84;59.9;19.36;15.52;27.65;35.4375
65.36;27.45;38.54;59.25;19.19;15.39;27.63;35.185
65.66;27.375;38.56;59.0;19.2;15.38;27.41;35.18
64.65;27.0;38.05;58.6;18.96;15.29;26.95;34.875
65.0;27.4;38.52;58.7;19.11;15.39;27.23;34.735
65.85;27.555;38.91;59.0;19.21;15.49;27.73;34.7875
66.3;27.6;38.45;59.33;19.12;15.61;27.98;35.035
67.14;27.775;38.9;61.1;19.39;15.67;28.12;35.745
68.7;28.125;39.15;61.35;19.32;15.6;28.15;36.3
69.0;28.025;39.06;61.2;19.34;15.63;28.2;36.275
69.2;28.05;39.06;61.74;19.21;15.66;28.63;36.3125
70.16;28.675;39.3;62.36;19.26;15.76;28.75;36.78
70.65;28.895;39.56;62.91;19.38;15.9;29.1;36.6225
71.15;29.05;39.35;63.35;20.12;15.83;29.41;37.0
70.89;28.775;38.9;63.28;20.23;15.95;29.5;36.815
70.8;28.825;39.25;63.16;20.26;15.96;29.61;36.7625
71.05;28.625;38.72;62.37;20.27;16.18;29.31;36.7775
71.77;28.55;38.59;62.6;20.48;16.32;29.26;36.925
71.78;29.325;38.85;63.9;20.46;16.41;29.65;37.275
71.55;29.3;38.71;64.15;20.45;16.35;29.48;37.3375
71.22;29.415;39.04;65.0;20.34;16.34;29.41;36.975
71.58;29.925;39.76;67.54;20.44;16.47;29.76;36.9275
71.18;29.7;38.07;66.28;20.57;16.34;30.11;39.495
70.5;29.075;36.9;65.21;20.65;16.01;29.94;39.1525
69.7;28.825;36.8;65.03;20.59;16.03;29.92;38.7175
69.65;28.95;37.2;64.83;20.61;16.02;29.94;37.8625
70.55;29.375;37.58;64.66;20.77;16.32;30.45;37.925
71.8;29.375;37.25;65.29;20.76;16.4;29.92;37.75
71.75;29.445;36.9;65.34;20.67;16.09;29.85;37.52
71.2;29.115;36.63;65.26;20.57;15.96;29.62;37.6425
71.25;29.175;36.5;65.7;20.57;16.05;29.48;37.375
70.59;28.475;36.23;64.43;20.59;15.77;28.85;36.6875
70.65;28.925;36.64;64.23;20.31;15.77;28.73;36.755
70.1;28.585;36.85;63.56;20.28;15.66;28.65;36.92
71.5;28.875;37.14;64.59;20.75;15.69;28.94;37.03
71.55;29.0;37.29;65.3;20.74;15.67;28.96;35.9325
71.53;28.925;37.02;65.15;21.05;15.63;29.17;35.85
71.5;29.0;37.1;65.46;20.65;15.65;29.03;36.25
70.23;28.575;36.6;65.43;20.39;15.43;28.6;36.2775
69.45;28.2;35.8;64.26;20.03;15.27;28.36;35.575
70.05;28.5;36.13;64.45;20.22;15.37;28.58;35.825
69.65;28.325;35.95;64.39;20.15;15.34;28.3;35.18
70.2;28.425;36.4;64.08;20.47;15.38;28.6;36.15
70.8;28.8;36.39;64.95;19.69;15.27;28.7;36.9275
71.4;29.0;36.4;64.62;19.59;15.25;29.07;36.125
72.58;29.325;36.9;64.75;19.74;15.39;29.48;36.325
76.05;29.65;37.19;65.69;19.85;15.5;29.71;36.32
76.4;29.9;37.54;66.43;19.87;15.38;30.57;36.1875
76.35;30.025;37.24;66.88;20.0;15.36;30.63;36.0625
77.3;30.15;37.5;67.3;20.01;15.37;30.9;36.32
77.17;30.4;37.2;67.73;19.86;15.34;30.83;36.475
75.35;29.75;36.5;65.91;19.53;15.19;30.0;35.7625
75.45;29.81;36.56;66.49;19.64;15.26;29.91;35.55
74.9;29.75;36.59;66.36;19.42;15.15;29.98;35.3875
76.1;30.225;37.1;67.53;19.99;15.36;30.69;35.7475
75.45;29.925;36.98;66.58;19.55;15.16;30.38;35.125
76.7;30.15;37.85;67.3;19.76;15.18;30.53;35.9325
74.35;29.425;37.4;65.95;19.38;14.89;29.78;35.375
74.3;29.3;37.45;66.07;19.49;14.92;29.5;35.2375
74.85;29.65;37.5;66.37;19.43;15.0;29.38;35.3875
76.15;30.475;38.4;68.13;19.45;15.13;30.32;35.925
75.9;30.225;38.4;68.37;19.37;14.98;29.98;35.625
77.4;30.675;38.8;68.6;19.55;15.08;30.48;36.055
78.28;30.93;39.02;68.8;19.74;15.16;30.48;36.4625
77.95;31.3;38.99;68.28;19.48;15.14;30.58;36.2525
78.48;31.98;39.22;68.56;19.4;15.16;30.77;36.075
79.45;32.255;39.91;70.38;19.66;15.25;31.2;36.7725
78.33;31.87;39.44;69.96;19.8;15.11;30.39;36.935
76.64;31.155;38.65;68.62;19.61;15.25;29.97;36.6275
77.0;31.43;38.87;68.1;19.68;15.28;30.1;37.35
78.05;31.645;38.45;69.07;19.87;15.27;30.11;38.075
77.82;31.405;38.45;68.59;19.95;15.31;30.23;38.02
76.86;30.845;38.22;67.86;19.47;15.15;29.73;37.2075
75.5;30.62;38.31;67.84;18.98;15.08;29.57;37.7625
76.5;30.725;38.29;67.81;19.0;15.34;29.6;37.9625
76.75;30.25;38.07;67.77;18.86;15.25;29.47;37.5
76.05;30.07;37.86;66.3;18.73;15.15;29.38;37.4125
74.9;29.8;37.53;64.26;18.18;14.97;28.86;36.5325
75.1;29.755;36.79;62.99;17.97;14.92;28.83;36.5875
75.2;29.52;36.78;62.34;17.84;14.99;28.71;36.7675
76.3;30.28;37.24;64.23;18.36;15.02;29.27;35.6375
75.98;29.545;36.82;62.66;18.41;14.8;28.57;34.94
76.4;29.83;37.03;63.74;18.56;14.86;28.39;35.0
75.85;29.205;36.54;62.24;18.24;14.64;27.86;34.21
76.5;29.56;36.7;62.4;18.43;14.76;28.33;34.45
77.97;30.02;36.29;63.75;18.64;14.75;28.94;34.9875
77.62;29.99;36.29;64.71;18.57;14.48;28.85;34.925
78.9;29.73;36.53;66.22;18.64;14.93;29.03;35.66
79.5;29.725;35.82;66.93;18.77;14.97;29.41;35.6425
79.65;29.45;35.28;67.9;18.67;14.92;29.33;36.4475
79.69;29.925;36.27;67.61;18.82;14.98;29.69;36.57
79.43;29.645;36.67;67.82;18.78;15.04;29.38;36.59
80.4;30.16;36.49;68.2;19.08;14.69;30.78;37.0625
80.95;29.955;36.1;68.2;18.93;14.68;31.1;37.2625
81.83;30.41;36.83;68.81;19.0;14.63;31.77;37.2625
81.73;30.52;36.97;69.08;18.89;14.55;32.41;37.0
82.05;30.81;37.06;69.1;19.01;14.4;32.53;36.9625
80.7;30.455;37.02;69.66;18.79;14.26;32.48;36.165
81.15;30.595;37.37;70.0;18.83;14.28;33.03;36.515
81.56;30.64;37.72;70.33;18.74;14.28;33.34;36.62
82.37;31.0;37.95;71.1;18.83;14.36;33.85;36.74
82.65;31.06;37.43;71.17;18.78;14.29;33.96;36.795
84.0;31.22;37.3;71.11;18.98;14.44;33.59;36.95
83.65;31.34;37.32;70.52;18.95;14.44;33.43;36.875
84.0;31.38;37.32;70.11;18.78;14.39;33.55;36.875
83.1;31.13;37.2;70.06;18.45;14.25;33.42;36.8325
83.7;31.345;37.27;71.82;18.38;14.2;33.69;36.7
83.0;31.25;37.34;71.92;18.49;14.11;33.84;37.255
84.45;31.96;37.56;72.94;18.55;14.17;34.64;37.7525
84.8;31.835;37.84;73.0;18.6;14.15;34.94;37.875
83.9;31.62;37.94;73.52;18.52;13.91;34.76;38.32
84.73;31.835;38.01;73.96;18.65;14.01;34.58;38.2925
83.95;31.42;37.47;73.35;19.07;14.04;34.08;38.0575
83.55;31.46;37.42;72.88;19.27;14.0;34.2;39.11
83.7;31.545;37.65;73.37;19.37;14.04;34.04;39.21
83.45;31.35;37.56;73.22;19.3;14.04;33.88;39.1075
82.65;31.4;37.48;73.99;19.63;14.05;33.76;39.3875
81.7;31.545;37.31;74.12;19.54;14.04;34.28;39.3
81.28;31.6;36.95;74.33;19.45;13.97;34.2;39.4875
82.45;32.12;37.06;74.08;19.5;13.93;34.39;39.68
81.7;31.975;36.86;73.9;19.58;13.77;34.26;39.87
81.95;32.15;37.0;74.06;19.7;13.79;34.67;40.43
82.75;32.45;36.68;73.85;19.96;13.88;35.4;40.0075
82.35;32.345;36.71;74.06;20.26;13.9;35.42;40.4925
82.68;32.47;36.8;73.57;20.52;13.98;35.76;40.3525
82.68;32.47;36.8;73.57;20.52;13.98;35.76;40.3525
82.55;32.46;36.85;73.73;20.43;14.01;35.83;40.6275
82.82;32.55;37.16;74.46;20.52;14.09;35.87;40.3925
82.5;32.645;37.35;75.44;20.58;14.11;35.8;40.3
81.98;32.365;37.0;74.9;20.52;14.06;35.23;40.085
81.93;32.425;37.46;75.34;20.88;14.1;35.58;41.225
81.8;32.07;37.2;75.18;21.0;14.15;36.3;41.5
83.3;31.48;37.48;74.7;21.14;14.2;36.38;41.9875
83.45;31.805;37.32;76.64;20.98;14.22;36.13;41.95
84.4;31.7;37.86;77.51;21.53;14.37;36.18;41.8125
84.68;31.5;37.75;78.16;21.5;14.33;36.13;41.4425
84.95;31.23;37.65;78.02;21.86;14.24;35.83;41.2375
86.35;31.535;37.4;78.66;22.08;13.98;35.57;41.1325
86.73;31.67;37.32;78.95;22.24;13.82;35.63;41.6325
85.25;31.235;37.07;77.05;22.2;13.63;35.38;41.0125
85.8;31.755;37.03;77.77;22.24;13.69;35.63;41.4825
84.39;31.795;36.52;76.96;21.71;13.51;35.04;41.4375
83.05;31.58;36.16;76.28;21.47;13.42;34.61;41.0875
84.4;31.525;36.13;76.9;22.15;13.37;34.68;41.755
82.51;30.91;35.68;74.41;21.6;13.11;34.32;41.4075
82.6;31.02;35.86;75.45;21.89;13.2;34.14;41.455
82.08;31.02;35.88;74.71;21.72;12.98;34.23;41.47
82.95;31.44;36.59;75.9;21.95;12.93;34.21;41.3625
85.2;31.46;36.87;77.56;22.64;13.14;33.62;41.575
86.62;32.0;36.98;77.93;23.06;13.17;34.59;42.42
87.99;31.875;37.0;80.71;23.46;13.27;34.33;43.795
88.35;32.37;37.24;80.07;23.2;13.04;34.33;43.2
89.65;32.755;37.45;81.04;23.7;13.01;34.74;43.075
87.3;32.23;37.72;81.9;23.09;12.94;34.0;43.0375
87.1;32.43;38.37;82.35;23.49;13.09;33.78;43.255
88.3;32.23;38.57;82.82;23.1;12.88;33.8;42.5875
88.64;32.175;38.63;81.93;23.19;13.04;33.8;42.3725
89.55;32.02;38.78;82.23;23.07;13.39;33.58;42.0225
90.55;32.275;39.19;83.78;23.34;13.58;34.35;42.475
89.15;31.91;39.63;83.86;23.15;13.53;34.36;42.34
89.75;31.835;40.38;86.05;23.37;13.49;34.46;42.19
90.5;32.205;40.19;85.96;23.4;13.71;35.02;42.385
89.55;31.695;39.58;84.2;22.64;13.61;34.84;42.5175
90.6;31.74;39.47;83.57;22.16;13.6;35.03;42.5875
91.15;31.48;39.67;83.28;22.06;13.62;34.96;41.985
91.62;31.485;39.65;83.01;21.88;13.6;34.63;41.56
92.19;31.52;39.15;85.01;21.97;13.48;34.24;41.775
93.55;31.65;39.62;85.79;22.24;13.32;34.68;41.9875
94.85;31.555;39.61;87.3;22.25;13.35;34.54;42.025
94.6;31.85;39.77;88.17;22.17;13.4;34.41;41.7625
94.55;32.065;39.98;88.6;22.27;13.31;34.65;41.7525
92.69;31.73;40.3;86.25;21.82;13.26;33.85;40.995
94.34;32.0;40.57;88.38;22.12;13.49;34.2;41.4025
93.14;31.62;39.56;87.0;21.89;13.65;34.33;39.1125
92.55;31.3;39.38;86.95;21.84;13.72;34.11;39.835
91.47;30.75;39.24;86.27;21.5;13.96;32.3;40.2525
90.05;31.11;39.29;86.35;21.77;13.95;32.46;39.8225
89.33;31.1;39.19;84.36;22.36;13.93;31.7;39.4675
90.1;31.205;39.99;85.1;22.45;13.9;32.39;39.695
93.15;31.41;40.65;85.92;22.48;14.06;32.75;39.7025
93.2;31.225;40.55;85.76;22.7;14.16;33.2;39.685
94.26;31.3;41.95;86.34;21.43;14.11;33.56;39.46
93.97;31.42;42.9;87.73;21.19;14.02;33.45;39.1325
93.8;31.675;42.92;87.67;20.79;13.99;32.92;39.0625
94.65;31.42;42.48;86.79;20.88;13.94;33.05;40.2725
95.45;31.745;42.7;89.0;20.76;13.94;33.17;41.1
95.25;31.66;42.89;89.05;20.7;14.06;33.06;41.1
94.85;32.04;45.1;90.75;20.91;14.09;33.82;40.9275
94.5;32.14;45.35;89.36;21.08;14.13;34.71;41.32
94.61;32.85;45.92;89.42;21.11;14.1;35.34;41.13
93.8;32.27;44.87;90.12;21.23;13.99;34.7;41.2675
93.4;32.17;44.85;90.4;21.17;13.95;34.11;40.8875
93.7;32.295;45.27;90.47;21.16;13.96;32.96;40.87
94.2;32.52;45.31;91.22;20.85;13.94;33.06;40.5825
94.15;32.34;45.5;91.05;20.63;13.92;33.1;40.8325
95.1;32.57;45.97;93.0;20.93;13.96;33.47;42.1
96.51;32.39;45.71;96.39;20.83;13.91;33.4;41.86
97.68;32.18;45.69;96.26;20.88;13.87;33.55;42.19
98.15;32.235;45.25;95.62;20.98;13.8;33.71;42.065
96.53;31.785;44.12;94.15;20.72;13.74;33.41;41.5675
96.4;31.955;44.47;95.11;20.98;13.74;33.85;41.87
94.2;31.78;44.63;93.12;20.73;13.56;33.37;42.6225
94.2;31.685;44.4;93.77;20.65;13.52;33.3;41.7325
93.98;32.04;44.36;93.8;20.8;13.53;33.46;41.8425
93.98;32.04;44.36;93.8;20.8;13.53;33.46;41.8425
93.98;32.04;44.36;93.8;20.8;13.53;33.46;41.8425
94.14;32.23;44.22;93.04;20.76;13.55;33.35;41.3975
95.0;32.63;44.62;95.95;20.95;13.6;33.69;41.725
95.9;33.76;45.4;96.15;21.14;13.67;34.37;41.9325
96.17;34.735;45.0;96.58;20.95;13.7;35.03;42.0675
95.15;34.69;44.49;96.63;20.97;14.25;35.35;41.8275
95.88;34.19;44.25;96.46;20.98;14.21;35.1;41.775
96.23;34.455;44.89;97.34;20.89;14.19;35.56;42.0375
97.3;34.18;44.14;95.93;20.95;14.29;36.75;41.915
96.94;33.925;43.15;94.36;21.14;14.36;36.5;41.895
96.94;33.925;43.15;94.36;21.14;14.36;36.5;41.895
97.65;34.47;43.41;95.11;21.33;14.55;36.08;41.845
95.67;33.73;42.23;94.46;21.38;14.41;35.39;41.3525
97.2;34.475;42.61;94.73;21.82;13.85;35.77;41.36
99.0;34.35;42.83;92.78;21.98;13.82;35.85;40.645
99.32;34.03;42.59;94.72;22.52;13.75;35.91;41.955
99.28;34.425;43.05;94.49;22.33;13.75;36.54;43.025
99.33;33.91;43.33;94.23;23.12;13.62;36.54;43.005
97.4;33.8;42.6;93.01;22.02;13.21;36.5;42.8725
95.3;33.1;41.25;89.13;21.45;12.91;36.33;41.7675
94.25;32.69;40.85;87.69;21.38;12.98;35.36;40.9475
94.4;32.8;41.11;87.75;21.48;13.09;35.29;40.7525
91.31;31.765;39.37;84.78;21.14;12.67;34.24;39.55
89.65;31.775;39.83;85.02;21.13;12.69;34.13;39.45
91.2;31.98;39.99;84.99;20.7;12.64;33.84;39.7125
88.15;31.115;38.95;79.7;19.94;12.48;33.03;37.8775
89.75;31.85;39.59;85.0;20.59;12.52;34.5;39.145
87.81;31.32;38.9;83.82;20.59;12.28;33.8;38.23
90.22;32.305;39.84;86.08;21.03;12.39;35.07;39.0325
91.58;32.385;41.15;87.48;20.95;12.56;36.0;39.245
91.32;32.33;41.0;87.69;21.28;12.5;35.81;39.5025
88.6;31.55;40.0;85.12;20.92;12.35;35.14;38.545
89.42;31.725;40.18;85.3;21.05;12.65;34.99;38.685
90.51;31.65;39.77;85.2;21.15;12.95;34.8;38.47
89.06;31.555;39.46;85.86;21.25;12.98;34.53;38.8875
87.65;31.345;39.03;84.13;21.08;12.78;34.25;38.8275
85.72;31.14;37.93;81.01;21.05;12.67;34.15;37.92
85.95;31.27;37.72;80.58;21.35;12.91;34.68;37.21
83.75;30.575;37.66;76.96;21.05;12.8;33.73;36.13
84.45;30.29;38.08;79.46;21.01;12.91;32.76;36.54
84.21;30.035;38.15;79.38;21.0;12.86;32.2;36.53
81.55;29.43;37.0;76.42;20.78;12.69;30.55;35.39
81.48;29.5;36.55;76.46;20.59;12.6;32.6;35.78
83.77;30.04;37.73;79.53;20.37;12.67;33.27;36.8
82.38;29.94;37.9;77.71;20.38;12.5;33.2;36.48
82.52;29.705;38.19;78.86;20.18;12.43;32.73;36.63
84.11;30.04;38.45;79.9;20.33;12.48;32.72;36.86
84.97;30.375;38.29;80.17;20.35;12.49;33.29;36.85
84.45;30.35;38.14;79.9;20.66;12.48;33.41;36.84
85.22;30.615;38.18;81.3;20.59;12.57;33.33;37.04
84.65;30.375;37.97;80.0;20.67;12.47;33.09;36.56
83.49;30.06;37.43;77.66;20.21;12.36;32.72;36.42
84.01;30.01;37.62;77.0;20.45;12.28;33.43;36.11
85.9;30.825;38.46;78.26;20.59;12.37;34.42;36.94
87.96;31.37;39.04;80.02;21.01;12.57;35.98;37.65
88.8;31.725;39.12;81.25;21.04;12.63;36.34;38.47
88.88;31.855;39.2;81.31;21.03;12.65;36.37;37.94
87.03;31.215;38.5;78.68;20.81;12.58;35.71;37.33
88.34;31.28;39.21;79.36;21.05;12.66;35.25;37.64
87.47;31.185;38.68;77.67;21.27;12.55;36.16;37.29
88.04;31.49;39.06;76.98;21.25;12.65;36.59;37.36
86.78;31.18;38.65;76.78;20.87;12.52;36.82;37.26
86.6;31.395;38.94;77.54;20.5;12.49;36.87;36.8
85.2;30.955;38.85;76.64;20.34;12.32;36.33;35.72
83.59;30.415;38.35;74.26;20.28;12.2;35.95;35.25
83.55;30.355;38.01;72.4;20.16;12.11;35.82;35.4
82.94;30.275;37.63;70.85;19.71;11.99;35.86;35.34
87.0;31.01;38.6;73.7;19.86;12.3;37.25;36.58
86.89;30.96;38.44;74.62;19.78;12.23;37.7;36.68
85.45;30.64;37.66;72.52;19.4;12.08;37.39;36.08
88.45;31.2;38.6;73.6;19.49;12.27;38.41;36.48
87.96;31.2;38.91;75.5;19.05;12.15;38.86;36.56
88.99;31.45;38.7;75.58;19.24;12.1;38.85;36.73
89.46;31.395;39.65;77.28;19.24;12.11;38.11;36.56
91.27;31.36;40.27;78.54;19.27;12.23;39.06;36.92
90.62;31.555;40.44;80.3;19.38;12.12;38.55;36.53
86.29;31.25;39.74;78.98;18.58;12.03;37.83;36.53
88.31;31.255;40.02;80.12;19.0;12.21;38.13;36.38
87.24;31.27;39.56;79.1;19.13;12.16;38.0;36.12
87.18;30.98;39.29;78.01;18.97;12.2;37.68;35.82
86.26;30.86;38.8;75.79;18.93;12.1;37.38;35.97
85.92;30.83;38.84;76.65;18.92;12.06;37.53;35.68
85.65;31.1;39.2;78.5;19.16;12.05;37.92;36.5
85.22;30.89;38.93;77.74;18.94;11.26;38.68;36.29
84.92;30.78;39.05;77.58;18.66;10.8;38.62;36.24
86.04;30.98;39.22;78.65;18.65;10.99;39.32;37.03
87.12;31.325;39.2;80.12;18.76;11.05;39.95;37.64
88.31;31.455;39.62;80.1;18.69;11.21;39.85;38.23
87.5;31.65;39.94;80.68;19.28;11.31;39.68;37.88
87.9;31.875;40.13;80.88;19.39;11.3;39.7;37.7
87.69;31.55;39.85;80.6;19.21;11.42;39.17;37.47
88.02;31.475;40.16;79.92;19.14;11.53;39.02;37.59
87.61;31.3;40.16;79.35;19.13;11.46;39.1;37.58
88.14;31.595;40.43;79.98;19.1;11.6;39.16;37.66
88.6;31.9;40.48;81.07;19.13;11.58;39.15;37.66
88.92;32.035;40.31;81.32;19.59;11.54;39.54;37.61
88.82;31.975;40.36;82.68;19.43;11.48;39.27;37.42
88.7;32.37;40.44;84.21;19.73;11.47;38.83;37.9
89.09;32.105;40.37;83.55;19.77;11.41;38.67;37.33
89.73;32.385;40.48;83.53;19.94;11.35;38.55;37.08
90.03;32.395;40.52;83.85;20.18;11.41;38.4;37.25
90.1;32.3;40.36;83.81;20.06;11.34;38.12;36.65
89.05;31.725;39.6;81.88;19.78;11.25;37.93;36.43
88.69;31.515;39.17;79.14;19.87;11.25;37.88;36.23
88.6;31.79;39.06;80.28;20.09;11.22;38.22;36.07
89.14;31.64;39.14;79.94;20.07;11.59;38.71;36.21
90.12;31.645;39.66;83.25;20.2;11.65;39.25;36.33
90.79;31.64;40.14;83.75;20.38;11.78;38.82;36.7
91.44;31.275;40.3;85.51;20.53;11.67;38.9;36.47
92.87;31.235;39.88;86.0;20.56;11.8;39.37;36.1
92.33;31.115;39.91;89.58;20.58;11.71;38.9;35.46
90.82;30.63;39.78;88.55;20.36;11.71;38.96;35.15
92.87;31.15;40.51;90.86;20.57;12.09;38.86;35.39
93.24;31.35;40.92;90.12;20.79;12.32;38.9;36.04
92.23;31.205;40.44;88.47;20.57;12.2;38.41;35.96
93.43;31.34;41.03;89.41;20.8;12.46;39.26;35.96
94.1;31.575;41.35;88.0;20.84;12.41;39.26;36.72
95.15;31.645;41.55;92.89;20.87;12.41;38.99;36.57
94.86;31.505;41.69;90.87;20.74;12.42;39.73;36.61
95.43;31.66;42.27;91.61;20.68;12.53;40.1;37.06
94.95;31.865;41.6;90.15;20.77;12.43;40.47;37.0
95.19;31.9;41.9;90.75;20.75;12.5;40.36;36.94
97.03;32.235;42.08;91.88;20.79;12.59;40.64;37.11
97.46;32.4;42.0;91.85;20.82;12.61;40.64;37.66
97.9;32.275;42.18;92.19;20.77;12.6;40.04;37.57
98.05;32.545;41.99;92.15;20.81;12.46;40.5;37.34
98.99;32.55;42.25;93.24;21.0;12.43;40.32;37.5
98.94;32.655;42.07;92.77;21.12;12.78;40.25;37.76
98.36;32.85;42.12;93.1;21.33;12.78;39.97;37.69
98.67;32.85;43.12;92.01;21.82;12.79;40.07;37.47
98.25;32.925;43.8;92.24;21.64;12.86;39.86;37.82
96.7;32.6;43.35;91.26;21.42;12.74;39.65;37.6
97.75;32.95;43.8;92.1;21.7;12.81;40.02;38.42
97.7;33.185;44.9;92.44;21.47;12.82;40.03;38.54
97.66;33.415;44.7;92.3;21.51;12.77;40.3;39.09
97.88;33.775;44.5;92.12;21.63;12.88;40.28;39.48
98.36;33.665;44.69;92.5;21.64;12.94;40.77;39.33
98.32;33.75;45.34;92.06;21.85;12.94;40.54;39.38
98.76;34.28;45.15;89.14;21.87;13.23;40.43;39.59
98.46;34.41;45.18;87.77;21.84;13.5;39.58;39.35
98.4;34.535;44.53;88.66;21.82;13.47;39.22;38.9
98.4;34.4;44.99;87.59;21.67;13.6;39.31;39.24
98.3;34.325;45.1;87.22;21.71;13.55;40.12;39.83
96.6;33.835;44.59;87.48;21.68;13.67;39.72;39.35
97.07;33.655;44.35;85.97;22.1;13.56;39.69;39.24
98.28;34.0;44.76;87.27;22.24;13.63;40.36;40.15
99.65;34.11;44.53;86.72;22.26;13.58;40.14;41.15
98.6;34.3;43.76;85.59;21.79;13.45;40.26;41.14
98.37;34.37;43.84;85.27;21.8;13.45;40.45;38.37
98.04;34.925;43.8;86.92;21.71;13.1;40.4;37.0
98.47;34.875;44.17;86.81;21.5;13.47;40.17;37.47
98.44;35.225;44.05;86.47;21.5;13.57;40.15;37.62
98.83;35.365;44.79;87.61;21.81;13.88;40.3;37.39
99.33;35.25;45.27;87.18;21.99;13.93;40.15;37.24
99.38;35.275;44.41;86.75;22.0;13.8;39.94;37.35
99.38;34.975;44.35;87.72;21.96;13.85;39.95;37.38
101.9;35.15;44.2;86.64;22.05;13.81;39.97;37.68
102.5;35.115;44.08;87.38;22.17;13.84;39.76;37.62
102.1;35.78;43.92;89.23;22.2;13.82;39.93;37.55
100.1;35.3;42.8;89.01;21.92;13.67;39.09;37.47
97.84;34.475;41.7;85.7;21.61;13.36;39.7;37.0
97.53;34.73;41.73;86.08;21.78;13.34;39.36;37.12
98.69;35.045;42.11;87.17;22.17;13.52;39.85;37.24
97.7;34.865;41.59;86.05;22.5;13.42;39.18;37.17
96.43;34.53;41.23;85.8;22.5;13.14;38.91;36.48
97.34;34.77;41.27;86.04;22.47;13.22;39.25;36.44
98.02;35.105;42.03;87.33;23.2;13.31;39.59;36.69
98.12;35.215;41.89;87.59;23.5;13.32;39.37;36.72
99.24;35.41;42.06;87.8;23.5;13.42;39.43;37.5
99.03;35.555;41.78;87.68;23.46;13.37;39.67;37.59
99.79;35.52;42.51;89.62;23.23;13.5;39.57;37.35
99.64;35.555;42.53;88.55;23.16;13.55;39.9;37.64
100.61;35.88;42.9;88.98;22.63;13.83;40.61;38.15
100.79;35.89;43.25;88.88;22.92;13.9;40.47;38.24
101.44;36.28;43.24;88.49;22.96;13.92;40.29;38.07
101.12;36.29;43.31;88.12;22.8;13.8;40.73;37.83
100.47;36.025;43.11;88.42;22.96;13.88;40.23;37.61
100.99;36.7;43.55;88.98;22.91;13.85;40.58;37.88
101.33;36.65;43.25;87.4;22.63;13.8;40.52;37.54
100.4;36.59;42.54;87.11;22.44;13.7;40.29;37.46
101.78;37.125;43.53;88.01;22.88;13.89;40.97;37.68
101.89;37.1;43.58;87.94;22.86;13.85;40.81;37.69
101.58;37.045;43.6;88.21;22.9;13.89;40.83;37.83
102.87;37.37;43.74;88.51;22.98;13.92;41.3;37.83
103.09;37.23;43.98;88.74;23.17;14.05;41.46;38.11
103.23;36.9;43.63;87.9;23.22;14.44;41.27;37.8
102.29;36.62;43.62;87.66;22.65;14.47;40.87;37.38
101.5;36.53;43.12;86.57;22.72;14.64;40.27;37.42
101.85;36.615;42.93;87.34;22.44;14.68;40.14;37.0
101.32;36.09;42.95;87.11;22.42;14.55;40.91;37.04
102.68;36.395;43.6;88.88;22.31;14.71;41.87;37.08
104.29;36.89;43.67;89.24;22.4;14.75;43.28;37.53
104.64;36.985;44.1;91.35;22.69;14.74;43.05;37.81
104.09;36.95;43.84;91.73;23.03;14.74;42.78;37.47
103.8;37.055;44.52;91.06;23.62;14.65;43.57;37.64
103.69;36.645;45.43;92.6;23.78;14.5;43.65;38.24
104.92;36.735;45.36;92.51;23.86;14.63;43.87;38.6
104.28;36.275;45.3;93.67;23.75;14.52;43.18;38.33
105.42;36.35;45.55;93.56;23.46;14.45;43.97;38.0
106.45;36.44;46.73;93.49;23.78;14.46;44.19;37.29
106.35;35.915;45.84;91.77;23.4;14.27;43.12;36.76
106.67;35.975;46.45;91.88;23.66;14.15;43.1;36.6
107.2;36.395;47.41;91.97;23.61;13.56;43.41;36.63
107.38;36.52;46.95;91.95;23.36;13.57;43.49;36.88
108.33;36.97;46.75;92.73;23.6;13.47;45.09;36.8
108.4;37.86;46.96;95.75;24.39;13.41;45.45;37.07
107.83;37.83;47.18;95.55;24.66;13.51;45.41;37.32
107.38;37.755;46.84;96.98;24.75;13.68;45.02;38.09
107.2;38.41;46.57;96.2;24.69;13.67;44.94;38.35
107.12;38.325;45.53;96.23;24.56;13.75;45.1;38.14
106.75;38.155;44.77;95.41;24.38;13.67;44.49;38.24
106.42;38.395;45.45;95.02;24.55;13.64;44.4;37.89
105.9;38.295;44.87;94.36;24.1;13.71;44.95;37.79
106.72;38.405;45.71;95.09;24.16;13.69;45.47;37.93
107.27;38.61;46.06;97.69;24.61;13.75;45.54;38.23
106.85;38.345;46.0;99.29;24.22;13.61;45.06;38.26
107.29;38.125;46.02;99.02;24.5;13.65;44.55;37.94
106.91;38.055;46.05;99.41;24.33;13.54;44.47;38.0
107.0;38.17;45.5;101.46;24.48;13.55;44.63;37.63
106.61;38.115;45.2;100.17;24.65;13.43;44.53;37.55
106.2;40.08;44.73;98.77;24.99;13.44;44.59;37.55
106.02;39.57;44.77;97.8;25.5;13.8;44.62;38.03
105.5;40.01;44.85;97.45;25.24;14.0;44.93;37.86
100.76;38.645;43.25;91.5;24.05;13.61;43.76;36.8
99.38;38.43;43.7;94.2;24.25;13.56;43.4;37.04
98.75;38.38;43.01;92.27;23.82;13.07;42.17;36.79
97.15;38.2;42.65;92.06;24.02;12.61;41.88;36.33
97.14;38.0;41.68;90.54;23.51;12.67;41.75;35.46
98.05;38.745;42.35;94.05;23.55;12.73;42.74;35.42
97.25;39.13;42.58;93.51;23.8;12.63;42.41;35.29
99.25;39.325;42.61;95.5;23.9;12.67;44.06;36.21
98.8;39.325;42.29;95.09;24.05;12.59;43.77;37.17
98.89;39.575;42.5;94.96;23.81;12.57;44.99;37.04
95.34;38.54;41.51;91.79;23.3;12.36;43.67;36.32
93.0;38.125;40.95;91.7;23.0;12.28;43.15;36.58
93.4;38.525;41.15;92.08;23.12;12.37;44.11;36.3
93.76;38.11;41.04;91.61;22.92;12.43;44.58;37.18
95.93;38.77;41.18;92.42;23.35;12.53;44.59;37.83
96.4;38.95;41.21;92.44;22.17;12.59;45.11;38.6
99.2;39.495;43.61;93.64;22.25;12.61;45.28;39.06
99.92;39.775;43.21;94.44;22.26;12.61;45.63;38.81
100.44;39.575;43.83;96.58;22.07;12.56;46.28;39.91
99.25;40.05;43.78;96.67;22.25;12.55;45.94;39.23
99.35;40.775;43.67;96.95;22.04;12.46;46.02;40.66
98.75;41.45;43.06;96.43;22.1;12.41;47.0;40.63
99.55;41.725;43.65;97.22;22.84;12.38;47.4;41.0
100.76;42.05;44.23;96.74;22.64;12.37;47.79;40.85
100.29;42.085;44.19;96.65;22.6;12.68;47.55;41.15
102.3;42.55;44.43;99.86;22.68;12.93;48.24;41.41
102.6;42.935;45.48;100.12;22.91;13.0;48.5;41.29
102.63;43.35;45.13;100.15;23.09;12.93;49.1;41.6
103.82;43.865;45.17;100.12;23.02;12.96;49.64;42.43
103.9;43.615;44.84;101.84;22.82;12.95;49.0;43.0
104.43;43.34;44.88;101.2;23.52;12.91;48.49;42.84
104.98;44.645;44.91;101.03;23.48;13.16;49.31;43.22
108.3;45.405;44.45;103.25;23.69;13.33;49.69;43.71
108.65;45.045;43.88;103.07;23.77;13.39;49.8;45.05
109.12;44.695;43.37;101.3;23.43;13.32;49.06;44.4
108.53;44.67;43.5;101.11;23.34;13.34;49.15;44.55
112.14;44.785;43.58;102.14;23.14;13.34;49.55;44.1
112.88;44.525;44.69;101.75;23.17;13.2;49.17;44.12
112.44;44.41;44.67;100.43;22.85;13.22;49.7;43.71
113.99;45.225;45.21;100.01;23.31;13.24;50.98;43.89
113.88;44.56;45.88;101.41;24.24;13.47;51.4;43.9
113.33;43.915;45.44;100.97;25.63;13.41;51.18;43.75
113.4;43.73;45.46;102.48;25.31;13.45;50.36;43.85
113.45;43.685;45.97;105.6;25.25;13.45;50.86;42.99
113.85;43.845;46.38;104.79;25.22;13.36;51.74;42.3
114.46;44.105;47.9;106.61;25.22;12.75;51.62;42.32
116.71;44.24;47.78;107.36;25.1;12.74;51.87;42.23
116.25;43.955;47.3;105.9;24.88;12.66;50.41;45.24
116.4;43.98;47.39;104.4;23.96;12.6;50.64;45.7
114.96;43.46;48.54;103.0;23.45;12.6;49.77;44.73
117.75;43.86;50.44;103.27;23.53;12.71;50.18;44.7
116.7;43.9;49.97;103.6;23.4;12.61;49.54;44.95
116.37;44.15;50.63;105.7;23.5;12.67;50.11;45.34
115.77;44.33;49.72;104.72;23.8;12.51;49.64;44.97
115.43;44.235;49.25;104.65;24.3;12.49;49.49;45.07
117.0;45.085;49.53;105.8;24.5;12.59;51.25;45.81
116.6;45.67;49.34;104.32;24.07;12.64;53.28;44.9
116.9;45.74;49.37;105.6;24.08;12.99;53.42;45.2
117.45;45.38;50.01;105.0;23.99;13.42;52.7;45.31
115.85;45.3;49.33;102.54;23.53;13.3;52.39;44.85
112.13;45.565;49.56;104.0;23.43;13.42;52.49;45.56
112.25;45.13;50.52;103.29;23.36;13.6;52.27;46.26
112.38;45.09;49.98;103.7;23.28;13.73;52.4;46.91
112.95;45.975;49.63;104.9;23.66;13.78;53.55;47.31
113.15;46.25;50.52;106.05;23.94;14.37;54.16;47.15
111.75;46.205;49.87;106.3;24.03;14.1;54.52;47.07
110.9;45.935;48.71;106.0;23.84;13.88;54.44;45.95
108.35;44.19;47.45;103.83;23.65;13.78;52.9;45.09
106.4;43.21;47.1;101.55;23.79;13.65;51.35;45.15
106.89;43.565;47.03;102.71;23.88;13.76;52.1;45.38
109.53;44.425;47.52;103.75;23.96;13.71;53.5;45.1
108.45;44.195;47.33;102.63;23.72;13.63;53.55;44.6
108.21;43.88;47.39;101.65;23.57;13.6;54.25;44.2
110.12;44.73;49.22;104.0;24.35;13.73;55.51;45.2
111.78;45.94;49.36;105.91;24.7;13.89;56.26;45.66
112.7;47.085;49.51;105.8;24.77;13.78;55.98;45.51
113.05;47.425;49.16;105.5;24.47;13.76;56.84;44.92
113.52;47.975;49.13;105.05;24.42;13.79;56.51;44.8
111.76;47.61;48.5;104.1;24.03;13.7;56.23;44.99
109.43;47.005;47.79;102.0;23.94;13.46;56.04;44.55
109.09;46.97;48.19;102.74;23.93;13.47;56.34;44.94
107.85;46.45;47.89;101.0;23.57;13.53;55.29;44.84
105.66;46.355;47.24;100.35;23.43;13.59;55.17;44.9
107.24;47.6;47.78;103.45;23.62;13.66;56.15;45.55
107.2;48.425;47.66;103.97;23.94;13.64;55.81;47.2
106.96;48.125;47.75;103.19;23.98;13.64;56.0;46.75
108.56;48.81;48.42;104.6;23.77;13.73;56.44;47.49
108.49;48.6;49.05;106.15;23.64;13.75;57.2;47.71
106.95;48.26;47.93;105.3;23.22;13.61;56.3;47.24
108.2;49.22;49.43;107.05;23.56;13.65;56.36;47.69
108.62;49.755;49.45;107.65;23.64;13.74;56.02;47.3
105.35;48.3;48.28;105.25;23.48;13.51;54.4;46.4
105.3;48.05;47.8;105.7;23.29;13.44;55.4;46.19
106.19;48.69;48.85;106.4;23.35;13.56;56.11;46.75
107.53;49.475;48.6;106.16;23.29;13.55;56.3;46.75
108.09;49.55;49.63;106.61;23.24;13.57;56.85;45.95
107.3;49.695;49.04;106.88;23.04;13.49;56.73;45.65
105.3;48.955;47.68;104.7;22.83;13.32;55.62;44.8
106.27;49.4;47.88;109.05;22.68;13.39;56.27;45.1
103.9;48.81;47.44;107.4;22.57;13.2;54.86;44.84
104.9;48.99;47.97;109.0;22.6;13.21;55.15;45.05
102.75;48.1;47.22;106.7;22.09;13.02;53.81;44.84
101.11;47.435;46.25;108.5;21.93;12.92;52.9;44.27
97.49;46.725;44.64;103.8;21.45;12.58;50.89;43.1
98.21;45.775;45.06;103.95;21.4;12.62;50.42;43.63
98.0;47.3;44.96;104.2;21.08;12.56;52.0;44.65
101.5;47.65;45.94;106.35;21.52;12.59;52.19;44.65
98.83;46.705;43.8;103.9;21.28;12.52;51.82;43.6
100.42;46.94;43.65;102.9;21.18;12.86;52.5;42.51
98.78;45.935;42.91;100.6;21.3;12.71;51.98;42.79
98.05;47.05;43.23;98.9;21.0;12.58;52.5;43.12
102.6;47.235;43.97;97.64;20.74;12.85;51.6;43.22
102.8;47.2;44.26;98.12;21.01;13.01;54.24;43.55
98.06;45.67;43.82;94.74;20.42;13.16;52.59;43.39
95.5;45.88;44.54;92.99;20.87;13.04;52.2;43.11
96.68;46.61;44.35;93.69;20.76;13.19;52.8;42.67
94.4;45.925;44.21;94.08;20.76;13.2;52.14;42.81
93.26;45.9;44.54;94.34;20.84;13.23;55.18;43.28
91.5;44.86;43.43;88.78;20.34;13.03;53.35;41.08
94.5;45.16;44.03;90.0;20.54;13.22;54.25;42.22
92.95;45.27;43.83;90.98;20.65;13.43;54.68;41.97
93.12;46.09;43.88;90.64;20.4;13.43;56.7;41.89
93.0;46.035;44.04;92.83;20.79;13.43;56.61;42.5
91.17;46.185;43.68;93.19;21.28;13.53;56.06;42.76
91.82;46.5;44.19;94.08;21.62;13.56;56.93;42.53
91.66;46.6;44.01;94.54;21.39;13.58;56.33;42.65
90.2;46.365;43.37;93.14;20.81;13.43;56.02;41.91
90.05;47.015;43.45;92.59;21.0;13.45;55.78;41.9
89.55;47.6;43.79;94.35;20.9;13.53;56.75;42.07
91.2;48.66;44.88;95.79;21.33;13.67;58.16;43.29
91.84;48.2;45.06;96.79;21.4;13.65;57.92;43.23
94.55;48.805;45.62;97.18;21.66;13.68;58.52;43.5
92.33;47.785;44.95;96.15;21.42;13.52;57.24;43.46
92.3;47.395;45.18;95.24;21.57;13.53;56.8;43.0
89.99;46.565;43.62;90.97;20.94;13.44;55.17;42.63
89.25;46.025;42.89;88.78;20.93;13.36;54.65;42.48
90.42;46.305;43.67;90.6;20.85;13.45;55.13;42.61
90.06;46.19;43.0;91.69;20.74;13.56;55.14;42.62
91.35;46.76;43.02;92.8;20.61;13.73;55.72;42.83
90.0;46.615;42.91;92.1;21.13;13.67;56.08;42.65
88.21;46.74;42.19;90.25;20.82;13.7;56.48;42.75
90.39;47.375;42.43;91.49;20.98;13.77;57.3;43.67
93.7;48.17;42.9;94.2;21.03;13.92;58.2;44.7
92.0;48.11;42.19;92.98;20.7;13.87;57.89;44.8
91.84;47.98;43.57;96.91;20.64;13.87;56.1;45.1
89.75;48.615;45.0;97.02;20.56;13.78;56.49;44.78
89.45;48.7;45.18;96.18;20.28;13.68;56.1;45.04
89.15;48.25;47.09;97.05;19.99;13.74;56.14;44.91
90.46;48.55;46.35;97.58;20.16;13.71;56.21;45.65
90.34;48.68;45.35;97.35;20.36;13.78;55.7;46.0
91.8;48.63;45.68;99.05;20.18;13.85;56.69;46.05
93.5;47.85;46.25;99.7;20.04;13.76;55.72;45.85
95.3;47.765;45.78;99.8;19.95;13.72;55.44;46.23
95.4;47.615;46.57;100.45;20.34;13.59;55.24;45.68
95.61;47.86;47.38;99.39;20.75;13.75;55.1;44.9
95.13;48.435;47.41;98.3;20.92;13.63;55.61;43.84
94.6;48.1;47.3;99.4;21.17;13.64;55.39;44.45
93.78;47.4;47.2;98.7;21.32;13.59;55.28;44.54
93.5;47.645;47.65;99.25;21.61;13.78;56.68;44.25
92.69;47.725;47.2;99.25;21.99;13.68;57.59;44.08
91.35;47.435;46.85;98.65;21.64;13.51;57.76;43.89
90.65;47.575;46.44;97.5;21.42;13.32;58.51;43.95
90.84;48.08;46.26;98.9;21.49;13.25;58.54;43.8
90.3;47.795;46.18;97.6;21.0;13.23;59.78;44.0
88.75;48.4;45.81;97.2;20.97;13.21;60.2;44.0
88.58;47.94;45.53;98.1;20.63;13.28;58.47;43.57
88.26;48.26;45.25;97.7;20.75;13.35;59.0;44.06
87.39;47.845;45.02;96.3;20.68;13.39;58.68;43.67
86.0;48.5;45.46;96.35;20.89;13.87;57.92;44.41
87.85;49.03;45.66;101.9;21.0;14.27;58.29;45.22
88.35;49.17;46.35;104.8;21.29;14.13;57.88;45.2
89.01;48.12;45.86;102.45;20.93;14.07;57.22;44.96
92.49;47.885;46.11;104.3;20.9;14.16;57.56;45.88
88.9;46.595;45.04;103.52;20.49;13.96;55.79;45.75
86.8;46.48;44.32;103.2;20.32;13.91;56.78;45.09
84.8;46.32;44.76;101.4;20.09;13.88;57.02;44.73
85.7;46.985;43.4;101.1;20.58;14.1;56.72;45.46
84.08;46.8;41.57;99.2;20.16;14.11;56.8;45.5
83.1;46.88;41.77;97.1;20.93;14.1;55.79;47.22
83.4;46.355;41.37;98.85;21.52;14.22;55.69;47.86
84.14;45.81;41.41;99.0;22.3;14.19;54.74;48.1
85.44;46.16;42.28;96.3;22.08;14.59;54.86;48.37
86.6;46.55;42.71;96.3;22.36;14.69;55.26;48.3
84.8;45.175;42.22;92.99;22.36;14.74;54.2;46.26
84.35;44.97;41.99;91.15;22.19;14.82;54.21;46.5
82.7;43.725;40.65;86.85;21.86;15.12;53.1;45.4
82.5;45.025;40.97;88.44;21.75;15.08;54.8;45.51
82.46;45.8;39.95;85.2;21.69;15.1;55.44;45.45
82.72;46.505;40.19;84.52;21.54;15.17;57.17;45.69
84.0;46.225;40.64;87.05;22.34;15.18;56.84;46.03
83.0;45.6;39.9;87.3;22.51;14.79;55.91;45.24
84.5;45.39;40.01;86.65;22.64;15.05;55.95;45.77
88.8;46.695;40.87;89.05;22.79;15.21;56.06;45.89
88.16;46.97;40.86;88.36;22.73;15.08;56.18;45.2
90.25;47.475;41.59;88.8;23.14;15.1;56.42;45.19
89.35;47.335;41.79;88.84;23.4;15.1;55.93;46.04
87.85;47.225;40.94;85.71;23.23;15.25;56.63;45.75
89.0;48.11;41.33;88.0;23.45;15.22;57.77;46.38
89.6;48.41;41.26;89.73;23.1;15.19;58.25;45.59
90.15;48.44;41.19;91.82;23.09;15.07;58.27;45.57
91.5;48.195;41.83;92.09;23.48;15.13;58.66;46.85
91.21;48.355;42.0;93.17;23.75;15.13;58.88;47.2
90.9;48.92;41.66;93.7;24.04;15.14;60.25;47.1
88.75;49.255;40.97;89.99;23.59;15.09;59.71;46.97
88.9;48.9;41.26;88.18;23.61;15.1;59.42;47.65
87.25;48.255;40.43;85.7;23.21;15.1;58.28;46.8
87.55;48.57;40.89;85.6;23.2;15.05;58.94;47.2
87.09;48.9;40.37;83.73;23.04;14.98;59.98;47.58
87.25;49.395;40.45;87.04;23.3;15.01;60.74;48.23
87.8;50.48;42.9;88.64;23.41;15.01;62.06;48.9
88.7;50.62;42.2;87.9;23.41;15.07;61.4;49.95
89.48;50.63;42.73;88.74;23.31;15.03;62.37;50.93
87.79;50.325;42.8;86.56;23.01;14.86;61.33;49.93
87.75;50.685;42.13;85.12;22.61;14.89;61.67;50.11
86.9;50.975;40.9;77.98;22.66;14.99;62.15;49.66
86.85;52.125;42.27;76.54;22.9;15.44;63.53;49.5
86.0;51.96;42.16;78.07;23.96;15.47;64.8;48.43
84.25;52.08;41.94;75.09;24.05;15.5;65.36;46.65
84.25;50.055;42.3;76.08;23.83;15.48;64.31;45.55
84.25;49.585;41.6;77.28;23.71;15.27;63.94;44.84
84.9;49.77;41.48;79.2;23.3;15.15;63.57;44.75
82.3;49.415;40.0;76.33;22.61;15.19;62.59;43.09
82.42;47.905;39.94;78.67;22.28;15.06;60.71;40.86
80.0;47.2;38.78;77.67;22.16;15.0;59.77;40.77
78.4;45.8;37.8;76.42;22.05;15.02;60.18;41.15
73.4;42.305;36.28;74.07;20.93;14.32;54.86;39.1
75.5;42.975;36.29;74.5;21.07;13.99;55.29;40.78
72.83;40.07;34.56;70.15;20.22;13.05;51.69;38.27
78.59;42.175;36.69;73.72;21.57;13.44;55.12;41.21
75.3;41.63;36.89;71.7;21.6;13.47;53.17;41.21
76.9;42.0;37.68;74.21;21.98;13.62;53.83;41.1
77.3;42.975;37.42;74.57;21.72;13.63;53.44;41.85
76.74;42.74;37.52;71.18;21.81;13.51;52.87;43.02
75.5;43.775;37.03;70.11;21.68;13.76;55.15;42.52
77.7;43.975;37.62;70.58;21.92;13.58;54.82;43.36
77.0;43.54;38.39;71.5;21.94;13.38;55.9;43.25
73.8;42.25;36.39;67.68;21.36;13.13;53.27;41.92
74.35;42.79;35.08;66.75;21.94;13.28;54.9;42.19
76.49;42.44;34.55;65.08;21.77;13.41;54.67;41.86
75.15;41.82;34.38;64.73;21.83;13.17;54.48;41.93
75.8;42.165;34.26;64.33;21.7;13.26;55.19;42.3
76.7;43.16;35.71;67.57;21.76;13.34;57.13;43.34
77.68;43.495;35.86;69.03;21.74;13.32;57.8;43.44
75.89;43.585;35.43;67.41;22.13;13.22;57.52;43.5
74.5;42.79;35.5;65.55;22.5;13.07;55.68;43.1
76.6;43.625;35.84;67.48;22.88;13.23;54.5;44.06
76.1;44.23;36.66;67.9;22.9;13.12;55.09;44.03
75.55;43.84;36.46;66.9;22.48;12.76;53.86;43.0
74.9;42.635;36.16;68.44;22.55;12.72;53.67;42.97
74.16;42.1;35.38;66.2;22.35;12.68;52.19;42.4
74.99;42.1;36.32;66.24;22.54;12.9;53.22;43.75
77.9;43.4;37.44;68.35;22.56;13.12;54.27;43.84
77.0;43.22;37.18;68.93;22.75;12.9;54.07;42.99
75.7;42.875;37.12;67.45;22.33;12.57;51.92;42.0
73.77;42.2;36.37;65.13;21.89;12.58;50.82;41.95
73.25;42.12;36.64;64.8;21.75;12.44;50.29;41.8
71.35;40.85;35.31;60.28;21.33;12.09;47.34;41.45
72.0;41.8;35.17;62.0;21.64;12.26;48.17;41.58
71.35;42.0;35.04;61.08;22.11;11.99;47.64;40.25
70.4;41.5;34.74;60.9;21.48;11.88;46.66;39.85
68.9;41.22;34.34;57.07;21.25;11.94;45.6;40.68
72.9;42.2;33.87;57.49;21.03;12.17;47.0;40.69
73.2;42.295;33.96;57.28;20.75;12.05;48.19;41.4
71.75;42.17;33.02;54.76;20.61;11.85;48.63;40.47
69.3;41.445;32.14;52.59;19.97;11.3;47.69;40.37
66.5;41.9;31.41;52.2;19.9;11.24;48.15;38.77
70.25;42.74;32.82;54.79;19.94;11.34;49.38;38.95
70.2;42.415;33.78;55.75;19.61;10.59;49.5;38.8
71.85;42.035;34.3;58.99;19.11;10.58;48.21;39.15
74.25;42.82;35.56;61.74;19.39;10.92;50.38;41.4
71.9;42.05;34.92;61.58;19.41;10.71;49.84;41.35
72.55;42.94;34.78;63.49;19.28;10.81;50.6;41.98
71.84;42.585;34.59;63.71;19.41;10.69;50.54;41.78
72.0;42.82;35.04;65.07;19.38;10.6;50.8;42.2
75.0;43.9;35.99;68.38;19.7;10.91;52.16;42.77
76.27;44.4;36.49;67.65;20.2;11.12;51.68;42.7
75.8;44.525;36.06;68.92;20.35;11.17;52.68;42.3
75.51;44.405;35.74;67.8;20.31;11.19;52.18;42.05
76.35;44.87;36.16;68.5;20.59;11.41;52.05;42.3
75.55;44.635;35.8;67.91;20.44;11.28;52.37;42.05
74.8;44.425;35.87;68.22;19.94;11.36;52.86;41.05
74.61;44.98;36.04;67.73;20.23;11.39;52.3;40.6
73.1;44.42;34.91;66.66;20.03;11.18;51.12;40.37
72.8;44.27;33.93;66.42;19.88;11.12;51.22;40.34
72.57;45.05;33.84;68.25;19.94;11.21;51.2;40.58
74.75;45.5;33.52;71.95;20.23;11.29;51.95;41.43
75.3;45.825;33.87;72.75;20.14;11.08;51.67;41.0
77.5;46.755;35.04;74.46;20.43;11.36;52.66;41.78
76.73;46.58;34.31;74.16;20.13;11.25;53.14;41.29
75.03;45.86;33.68;73.8;19.59;11.07;51.48;40.86
74.6;46.57;33.64;74.41;19.7;11.13;52.13;41.3
76.2;47.1;33.6;76.8;19.81;11.21;53.96;41.9
76.55;45.1;35.12;77.9;20.1;11.4;55.71;41.75
77.35;45.1;35.32;76.3;20.18;11.56;54.42;42.04
76.7;45.32;35.01;76.4;19.92;11.45;54.18;40.72
77.1;45.675;35.18;75.84;20.05;11.54;54.66;41.01
78.45;45.45;36.69;77.21;20.2;11.75;54.68;40.45
78.49;45.75;36.76;76.91;20.92;11.63;55.01;40.5
78.7;45.6;37.22;78.09;21.09;11.48;55.16;42.85
77.64;45.05;37.78;79.02;20.14;11.52;55.37;43.25
77.55;45.155;37.8;79.16;20.21;11.78;56.15;44.19
75.7;44.375;36.26;76.7;20.22;11.81;56.0;44.33
76.5;44.925;36.24;77.55;20.38;11.97;55.9;44.67
76.14;45.36;36.6;78.46;20.28;11.72;56.41;44.35
76.4;45.72;36.66;79.2;20.76;11.87;55.97;44.68
76.45;45.78;36.76;79.29;21.38;11.92;55.12;45.5
76.14;46.38;36.94;82.49;21.73;11.21;55.11;46.76
76.6;46.71;37.23;82.84;22.03;11.14;55.13;46.67
75.35;46.48;36.33;81.4;21.76;10.91;54.3;45.26
74.0;46.86;35.28;79.08;21.4;10.73;54.54;44.66
74.18;47.23;35.87;78.9;21.59;10.99;54.96;45.2
72.5;46.4;35.4;77.1;21.9;10.76;54.84;45.3
73.0;47.0;35.02;76.2;21.63;10.88;54.61;45.0
72.3;46.775;35.83;77.8;21.54;10.76;54.82;44.98
72.7;47.575;36.47;79.35;20.43;10.73;56.22;46.36
73.25;47.855;37.19;80.42;20.33;10.79;56.56;46.02
68.99;48.185;37.91;81.21;20.42;10.75;57.1;45.31
66.9;47.335;36.41;77.5;20.08;10.66;55.86;44.88
66.4;48.17;36.89;75.3;20.05;10.61;56.73;44.8
66.18;48.3;36.89;72.21;20.02;10.7;56.07;44.84
66.5;48.255;36.24;71.65;19.86;10.64;56.46;45.2
64.2;47.285;34.75;68.86;19.56;10.41;55.27;45.32
62.3;47.945;34.26;67.7;19.31;10.29;55.4;44.57
62.43;47.085;34.6;67.09;19.1;10.27;54.71;44.34
61.23;46.435;33.49;63.68;18.83;10.27;53.0;43.7
61.7;47.15;33.35;64.1;18.74;10.41;53.58;44.25
61.92;47.4;33.52;64.3;18.68;10.41;53.76;44.48
62.18;46.845;33.32;64.36;18.71;10.27;52.37;44.65
62.87;47.16;33.87;65.7;18.85;10.3;53.16;44.78
61.2;46.355;33.04;64.25;18.28;10.12;51.57;44.28
60.6;46.225;33.0;63.24;18.0;10.1;52.11;43.43
58.31;44.96;32.51;62.6;17.58;10.02;50.65;42.09
57.96;45.465;32.32;61.95;17.65;10.33;51.68;42.57
58.07;45.245;31.42;61.45;17.38;10.32;52.34;42.12
59.07;45.0;32.0;66.51;17.55;10.62;52.44;42.78
56.86;44.295;30.44;63.69;16.96;10.4;51.82;41.1
54.98;43.65;30.17;63.4;16.4;10.29;53.05;40.38
54.43;43.63;30.55;64.8;16.53;10.42;53.34;40.13
52.07;42.73;30.0;63.46;16.58;10.54;51.93;38.77
54.81;42.56;29.8;63.73;16.57;10.8;52.58;38.83
55.8;43.0;29.81;62.57;16.68;10.98;52.25;38.93
54.79;42.22;29.68;59.46;16.39;10.89;52.78;38.27
53.29;42.27;29.66;60.43;16.17;10.92;54.42;38.43
53.32;41.99;30.49;60.36;15.81;11.17;54.84;37.12
55.3;41.16;29.92;59.98;16.08;11.28;56.0;37.7
54.7;41.28;29.91;59.0;15.86;11.26;55.3;37.39
52.4;40.55;28.97;53.8;15.34;10.92;54.22;36.2
51.55;40.58;28.16;65.4;15.11;10.77;54.5;36.2
51.0;40.57;27.98;73.5;14.87;10.68;54.24;35.0
51.85;40.64;28.6;74.3;15.15;10.69;53.94;36.63
55.28;41.8;29.49;72.25;15.51;10.69;53.11;37.75
56.1;41.44;30.1;72.15;15.69;10.98;53.29;38.04
57.23;41.46;30.57;72.36;15.77;11.05;53.47;38.82
56.9;42.26;30.61;73.1;15.67;10.58;54.21;38.75
59.95;42.54;31.83;73.0;16.28;10.64;54.15;39.13
59.19;41.3;30.87;73.49;15.9;10.74;53.81;39.1
58.65;41.83;30.73;73.04;15.92;10.9;55.84;39.03
57.87;40.91;29.58;71.93;15.28;10.65;55.76;38.3
58.69;41.55;29.51;72.18;15.43;10.76;56.01;39.0
58.63;41.39;29.24;72.05;15.49;10.8;54.46;39.81
59.5;40.95;28.93;72.21;15.14;11.14;55.36;39.36
58.91;40.3;27.36;72.7;14.9;10.96;54.88;39.21
58.45;39.68;26.895;71.93;14.72;11.04;54.62;38.4
61.34;40.03;27.55;72.6;15.44;11.27;55.51;41.39
62.19;40.07;27.87;72.91;15.8;11.27;55.52;43.54
62.0;40.02;27.68;72.49;15.625;11.33;55.71;42.23
63.45;39.96;29.55;72.83;15.81;11.4;54.71;42.2
64.8;40.12;30.84;71.96;15.98;11.49;54.3;43.92
63.0;40.3;31.15;71.46;15.885;11.44;53.9;43.0
60.5;40.07;29.305;73.27;15.5;11.12;53.54;42.3
61.14;39.97;28.985;73.4;15.49;11.0;53.97;42.35
60.51;39.85;29.5;73.9;15.64;11.12;53.83;41.95
59.45;39.88;29.2;73.8;15.58;11.1;53.56;40.9
57.24;39.79;28.52;73.42;15.03;10.89;52.82;39.75
56.68;39.81;28.61;73.37;15.27;10.92;52.9;39.93
56.19;39.2;27.86;73.62;15.04;10.785;52.38;39.29
57.8;39.41;28.73;73.81;15.535;10.92;52.93;39.75
56.5;39.29;28.16;73.72;15.39;10.79;52.23;38.85
56.5;39.57;27.99;73.64;15.56;10.83;53.16;39.07
57.08;39.35;27.81;73.95;15.61;11.1;53.54;38.69
58.24;39.38;28.44;73.96;15.8;11.29;54.1;39.53
58.19;39.39;28.25;74.04;15.98;11.25;53.94;39.96
58.29;39.47;28.35;74.07;16.02;11.35;54.51;40.43
59.25;39.9;29.13;73.98;16.28;11.55;55.38;40.87
59.6;39.82;29.05;73.97;16.28;11.6;54.5;40.15
57.3;39.18;28.29;74.02;15.6;11.2;53.22;39.1
57.52;38.36;27.8;74.03;15.385;11.02;52.63;38.23
60.02;38.56;28.61;73.97;15.655;11.185;52.66;38.74
60.93;37.61;28.89;74.15;15.74;11.23;53.27;38.75
61.2;37.36;28.78;74.0;16.02;11.38;53.94;38.22
59.03;37.61;28.545;73.89;16.2;11.375;53.56;37.05
58.05;38.02;28.635;74.02;16.53;11.52;54.36;37.4
53.22;36.39;28.03;73.16;16.095;10.895;55.54;37.8
52.07;35.71;27.91;72.0;15.98;10.94;55.92;36.8
49.14;33.8;27.13;72.02;15.415;10.64;54.05;36.54
53.1;32.99;27.33;71.5;15.06;10.55;54.23;36.95
57.6;35.09;30.475;70.25;16.0;11.0;57.5;38.36
55.15;34.43;29.785;69.1;15.86;10.645;54.02;38.9
52.89;34.32;28.71;68.0;15.675;10.53;54.56;38.83
55.1;34.64;28.55;67.42;15.815;10.49;54.15;39.64
56.8;35.62;29.15;66.04;15.915;10.92;54.65;40.59
55.11;35.2;28.4;63.4;15.475;10.77;53.62;38.65
48.7;33.72;27.4;60.5;14.715;10.1;52.0;37.58
50.28;34.17;27.42;58.34;14.86;10.775;51.92;37.77
51.74;33.92;26.365;56.05;14.795;11.29;52.49;37.28
50.0;32.38;25.225;51.5;14.79;11.2;49.56;37.01
52.23;33.34;25.59;51.6;14.85;11.57;51.37;37.05
47.5;31.46;24.71;45.0;13.83;11.13;49.31;34.45
43.2;30.52;24.34;46.3;13.7;11.27;49.32;34.65
39.95;28.79;22.72;43.5;12.98;10.83;45.9;33.91
37.5;28.51;22.0;42.0;12.57;10.23;44.55;33.45
